customer_id,name,email,country,signup_date
CUST_0,Customer_0,customer0@example.com,India,2026-03-17
CUST_1,Customer_1,customer1@example.com,UK,2025-08-04
CUST_2,Customer_2,customer2@example.com,USA,2025-11-20
CUST_3,Customer_3,customer3@example.com,India,2024-05-19
CUST_4,Customer_4,customer4@example.com,India,2024-08-15
CUST_5,Customer_5,customer5@example.com,Germany,2026-03-10
CUST_6,Customer_6,customer6@example.com,India,2026-01-06
CUST_7,Customer_7,customer7@example.com,USA,2025-08-16
CUST_8,Customer_8,customer8@example.com,India,2024-09-14
CUST_9,Customer_9,customer9@example.com,USA,2024-04-08
CUST_10,Customer_10,customer10@example.com,Germany,2025-08-29
CUST_11,Customer_11,customer11@example.com,Germany,2024-08-16
CUST_12,Customer_12,customer12@example.com,UK,2024-01-04
CUST_13,Customer_13,customer13@example.com,India,2024-02-24
CUST_14,Customer_14,customer14@example.com,USA,2024-04-27
CUST_15,Customer_15,customer15@example.com,Germany,2025-04-28
CUST_16,Customer_16,customer16@example.com,UK,2025-11-03
CUST_17,Customer_17,customer17@example.com,USA,2023-08-05
CUST_18,Customer_18,customer18@example.com,UK,2025-12-28
CUST_19,Customer_19,customer19@example.com,India,2025-03-18
CUST_20,Customer_20,customer20@example.com,India,2025-04-09
CUST_21,Customer_21,customer21@example.com,UK,2024-08-01
CUST_22,Customer_22,customer22@example.com,UK,2024-01-06
CUST_23,Customer_23,customer23@example.com,India,2024-03-25
CUST_24,Customer_24,customer24@example.com,Germany,2024-10-09
CUST_25,Customer_25,customer25@example.com,India,2023-09-10
CUST_26,Customer_26,customer26@example.com,Germany,2026-01-21
CUST_27,Customer_27,customer27@example.com,UK,2023-12-14
CUST_28,Customer_28,customer28@example.com,UK,2024-08-28
CUST_29,Customer_29,customer29@example.com,USA,2024-04-20
CUST_30,Customer_30,customer30@example.com,India,2026-02-24
CUST_31,Customer_31,customer31@example.com,USA,2024-02-10
CUST_32,Customer_32,customer32@example.com,UK,2026-01-20
CUST_33,Customer_33,customer33@example.com,USA,2023-11-06
CUST_34,Customer_34,customer34@example.com,India,2025-03-18
CUST_35,Customer_35,customer35@example.com,UK,2025-01-02
CUST_36,Customer_36,customer36@example.com,UK,2025-10-27
CUST_37,Customer_37,customer37@example.com,UK,2025-04-13
CUST_38,Customer_38,customer38@example.com,USA,2024-05-25
CUST_39,Customer_39,customer39@example.com,UK,2024-04-23
CUST_40,Customer_40,customer40@example.com,India,2024-07-27
CUST_41,Customer_41,customer41@example.com,USA,2024-10-12
CUST_42,Customer_42,customer42@example.com,USA,2025-10-26
CUST_43,Customer_43,customer43@example.com,Germany,2025-03-19
CUST_44,Customer_44,customer44@example.com,UK,2023-09-07
CUST_45,Customer_45,customer45@example.com,USA,2024-05-10
CUST_46,Customer_46,customer46@example.com,UK,2023-11-30
CUST_47,Customer_47,customer47@example.com,India,2025-08-20
CUST_48,Customer_48,customer48@example.com,India,2024-01-08
CUST_49,Customer_49,customer49@example.com,UK,2025-02-25
CUST_50,Customer_50,customer50@example.com,UK,2026-02-03
CUST_51,Customer_51,customer51@example.com,USA,2023-09-19
CUST_52,Customer_52,customer52@example.com,UK,2025-09-06
CUST_53,Customer_53,customer53@example.com,Germany,2025-03-02
CUST_54,Customer_54,customer54@example.com,Germany,2025-11-16
CUST_55,Customer_55,customer55@example.com,UK,2025-11-20
CUST_56,Customer_56,customer56@example.com,USA,2024-03-10
CUST_57,Customer_57,customer57@example.com,UK,2024-03-08
CUST_58,Customer_58,customer58@example.com,Germany,2023-10-05
CUST_59,Customer_59,customer59@example.com,Germany,2025-04-06
CUST_60,Customer_60,customer60@example.com,USA,2025-11-21
CUST_61,Customer_61,customer61@example.com,Germany,2026-01-08
CUST_62,Customer_62,customer62@example.com,India,2023-11-12
CUST_63,Customer_63,customer63@example.com,India,2025-11-06
CUST_64,Customer_64,customer64@example.com,USA,2024-01-21
CUST_65,Customer_65,customer65@example.com,Germany,2024-08-09
CUST_66,Customer_66,customer66@example.com,India,2025-03-13
CUST_67,Customer_67,customer67@example.com,Germany,2024-08-09
CUST_68,Customer_68,customer68@example.com,Germany,2024-10-17
CUST_69,Customer_69,customer69@example.com,UK,2024-09-22
CUST_70,Customer_70,customer70@example.com,India,2024-05-15
CUST_71,Customer_71,customer71@example.com,India,2024-05-13
CUST_72,Customer_72,customer72@example.com,UK,2024-02-14
CUST_73,Customer_73,customer73@example.com,UK,2025-12-18
CUST_74,Customer_74,customer74@example.com,UK,2025-01-21
CUST_75,Customer_75,customer75@example.com,USA,2025-01-02
CUST_76,Customer_76,customer76@example.com,India,2023-08-09
CUST_77,Customer_77,customer77@example.com,UK,2024-11-15
CUST_78,Customer_78,customer78@example.com,USA,2024-11-08
CUST_79,Customer_79,customer79@example.com,India,2023-11-02
CUST_80,Customer_80,customer80@example.com,UK,2023-12-02
CUST_81,Customer_81,customer81@example.com,USA,2025-11-06
CUST_82,Customer_82,customer82@example.com,UK,2024-02-21
CUST_83,Customer_83,customer83@example.com,USA,2024-10-06
CUST_84,Customer_84,customer84@example.com,India,2024-08-06
CUST_85,Customer_85,customer85@example.com,UK,2024-11-27
CUST_86,Customer_86,customer86@example.com,India,2025-12-18
CUST_87,Customer_87,customer87@example.com,UK,2023-10-25
CUST_88,Customer_88,customer88@example.com,UK,2025-08-09
CUST_89,Customer_89,customer89@example.com,India,2025-08-08
CUST_90,Customer_90,customer90@example.com,India,2026-01-14
CUST_91,Customer_91,customer91@example.com,Germany,2023-12-28
CUST_92,Customer_92,customer92@example.com,India,2024-02-23
CUST_93,Customer_93,customer93@example.com,USA,2025-12-01
CUST_94,Customer_94,customer94@example.com,Germany,2023-08-16
CUST_95,Customer_95,customer95@example.com,USA,2025-07-14
CUST_96,Customer_96,customer96@example.com,Germany,2023-07-29
CUST_97,Customer_97,customer97@example.com,USA,2023-09-03
CUST_98,Customer_98,customer98@example.com,USA,2024-04-11
CUST_99,Customer_99,customer99@example.com,UK,2025-02-27
CUST_100,Customer_100,customer100@example.com,UK,2025-01-18
CUST_101,Customer_101,customer101@example.com,Germany,2025-12-09
CUST_102,Customer_102,customer102@example.com,USA,2025-08-24
CUST_103,Customer_103,customer103@example.com,India,2025-04-30
CUST_104,Customer_104,customer104@example.com,India,2024-08-17
CUST_105,Customer_105,customer105@example.com,USA,2024-08-17
CUST_106,Customer_106,customer106@example.com,USA,2026-04-04
CUST_107,Customer_107,customer107@example.com,India,2024-04-17
CUST_108,Customer_108,customer108@example.com,India,2025-08-20
CUST_109,Customer_109,customer109@example.com,India,2023-09-27
CUST_110,Customer_110,customer110@example.com,India,2023-11-13
CUST_111,Customer_111,customer111@example.com,UK,2026-01-29
CUST_112,Customer_112,customer112@example.com,USA,2025-06-30
CUST_113,Customer_113,customer113@example.com,Germany,2025-09-04
CUST_114,Customer_114,customer114@example.com,USA,2024-04-01
CUST_115,Customer_115,customer115@example.com,Germany,2025-08-06
CUST_116,Customer_116,customer116@example.com,Germany,2024-01-06
CUST_117,Customer_117,customer117@example.com,Germany,2025-09-29
CUST_118,Customer_118,customer118@example.com,India,2026-01-02
CUST_119,Customer_119,customer119@example.com,Germany,2025-04-14
CUST_120,Customer_120,customer120@example.com,Germany,2025-02-15
CUST_121,Customer_121,customer121@example.com,Germany,2023-11-09
CUST_122,Customer_122,customer122@example.com,India,2024-05-22
CUST_123,Customer_123,customer123@example.com,India,2026-02-08
CUST_124,Customer_124,customer124@example.com,Germany,2024-03-27
CUST_125,Customer_125,customer125@example.com,UK,2024-01-13
CUST_126,Customer_126,customer126@example.com,India,2025-07-31
CUST_127,Customer_127,customer127@example.com,USA,2025-09-29
CUST_128,Customer_128,customer128@example.com,Germany,2025-11-19
CUST_129,Customer_129,customer129@example.com,Germany,2025-10-06
CUST_130,Customer_130,customer130@example.com,UK,2024-12-24
CUST_131,Customer_131,customer131@example.com,USA,2023-10-29
CUST_132,Customer_132,customer132@example.com,India,2025-01-13
CUST_133,Customer_133,customer133@example.com,India,2026-02-19
CUST_134,Customer_134,customer134@example.com,India,2026-01-06
CUST_135,Customer_135,customer135@example.com,USA,2025-10-23
CUST_136,Customer_136,customer136@example.com,Germany,2024-11-30
CUST_137,Customer_137,customer137@example.com,Germany,2025-09-05
CUST_138,Customer_138,customer138@example.com,Germany,2023-09-30
CUST_139,Customer_139,customer139@example.com,India,2025-10-25
CUST_140,Customer_140,customer140@example.com,Germany,2026-04-09
CUST_141,Customer_141,customer141@example.com,Germany,2025-07-14
CUST_142,Customer_142,customer142@example.com,Germany,2025-06-23
CUST_143,Customer_143,customer143@example.com,Germany,2024-04-28
CUST_144,Customer_144,customer144@example.com,Germany,2025-11-04
CUST_145,Customer_145,customer145@example.com,USA,2025-06-12
CUST_146,Customer_146,customer146@example.com,USA,2026-02-11
CUST_147,Customer_147,customer147@example.com,India,2024-03-07
CUST_148,Customer_148,customer148@example.com,UK,2026-02-12
CUST_149,Customer_149,customer149@example.com,India,2024-08-21
CUST_150,Customer_150,customer150@example.com,Germany,2024-11-13
CUST_151,Customer_151,customer151@example.com,USA,2026-02-12
CUST_152,Customer_152,customer152@example.com,India,2023-11-22
CUST_153,Customer_153,customer153@example.com,USA,2026-01-31
CUST_154,Customer_154,customer154@example.com,India,2024-05-20
CUST_155,Customer_155,customer155@example.com,USA,2025-02-22
CUST_156,Customer_156,customer156@example.com,India,2023-08-21
CUST_157,Customer_157,customer157@example.com,USA,2024-08-27
CUST_158,Customer_158,customer158@example.com,India,2024-07-16
CUST_159,Customer_159,customer159@example.com,India,2025-02-06
CUST_160,Customer_160,customer160@example.com,UK,2023-08-28
CUST_161,Customer_161,customer161@example.com,UK,2025-09-14
CUST_162,Customer_162,customer162@example.com,UK,2025-08-10
CUST_163,Customer_163,customer163@example.com,UK,2025-03-02
CUST_164,Customer_164,customer164@example.com,USA,2024-05-24
CUST_165,Customer_165,customer165@example.com,UK,2024-12-29
CUST_166,Customer_166,customer166@example.com,UK,2023-09-03
CUST_167,Customer_167,customer167@example.com,India,2026-04-02
CUST_168,Customer_168,customer168@example.com,Germany,2024-07-14
CUST_169,Customer_169,customer169@example.com,India,2026-01-26
CUST_170,Customer_170,customer170@example.com,USA,2024-11-09
CUST_171,Customer_171,customer171@example.com,UK,2025-11-27
CUST_172,Customer_172,customer172@example.com,UK,2023-10-22
CUST_173,Customer_173,customer173@example.com,India,2023-10-24
CUST_174,Customer_174,customer174@example.com,USA,2025-03-29
CUST_175,Customer_175,customer175@example.com,UK,2025-11-01
CUST_176,Customer_176,customer176@example.com,Germany,2023-12-10
CUST_177,Customer_177,customer177@example.com,UK,2024-07-24
CUST_178,Customer_178,customer178@example.com,India,2024-05-28
CUST_179,Customer_179,customer179@example.com,UK,2023-08-31
CUST_180,Customer_180,customer180@example.com,India,2023-08-24
CUST_181,Customer_181,customer181@example.com,USA,2025-07-15
CUST_182,Customer_182,customer182@example.com,India,2023-10-13
CUST_183,Customer_183,customer183@example.com,India,2024-03-12
CUST_184,Customer_184,customer184@example.com,USA,2025-07-07
CUST_185,Customer_185,customer185@example.com,UK,2024-07-31
CUST_186,Customer_186,customer186@example.com,USA,2024-04-07
CUST_187,Customer_187,customer187@example.com,UK,2025-09-15
CUST_188,Customer_188,customer188@example.com,UK,2024-11-10
CUST_189,Customer_189,customer189@example.com,Germany,2025-07-28
CUST_190,Customer_190,customer190@example.com,India,2026-01-07
CUST_191,Customer_191,customer191@example.com,Germany,2023-12-14
CUST_192,Customer_192,customer192@example.com,UK,2026-02-25
CUST_193,Customer_193,customer193@example.com,India,2025-05-05
CUST_194,Customer_194,customer194@example.com,USA,2024-06-28
CUST_195,Customer_195,customer195@example.com,UK,2025-10-28
CUST_196,Customer_196,customer196@example.com,Germany,2024-09-24
CUST_197,Customer_197,customer197@example.com,Germany,2024-09-14
CUST_198,Customer_198,customer198@example.com,India,2025-12-18
CUST_199,Customer_199,customer199@example.com,India,2023-08-18
CUST_200,Customer_200,customer200@example.com,USA,2024-09-30
CUST_201,Customer_201,customer201@example.com,India,2023-12-09
CUST_202,Customer_202,customer202@example.com,UK,2024-08-23
CUST_203,Customer_203,customer203@example.com,USA,2025-01-26
CUST_204,Customer_204,customer204@example.com,USA,2026-02-28
CUST_205,Customer_205,customer205@example.com,UK,2025-04-03
CUST_206,Customer_206,customer206@example.com,India,2023-10-04
CUST_207,Customer_207,customer207@example.com,UK,2025-09-08
CUST_208,Customer_208,customer208@example.com,USA,2024-05-29
CUST_209,Customer_209,customer209@example.com,India,2025-04-14
CUST_210,Customer_210,customer210@example.com,Germany,2024-07-15
CUST_211,Customer_211,customer211@example.com,USA,2023-09-07
CUST_212,Customer_212,customer212@example.com,USA,2023-11-08
CUST_213,Customer_213,customer213@example.com,USA,2024-01-13
CUST_214,Customer_214,customer214@example.com,USA,2023-10-22
CUST_215,Customer_215,customer215@example.com,Germany,2026-03-17
CUST_216,Customer_216,customer216@example.com,USA,2024-03-18
CUST_217,Customer_217,customer217@example.com,UK,2024-01-31
CUST_218,Customer_218,customer218@example.com,Germany,2024-01-11
CUST_219,Customer_219,customer219@example.com,USA,2025-07-12
CUST_220,Customer_220,customer220@example.com,USA,2024-01-26
CUST_221,Customer_221,customer221@example.com,India,2025-03-16
CUST_222,Customer_222,customer222@example.com,India,2023-11-14
CUST_223,Customer_223,customer223@example.com,Germany,2025-08-27
CUST_224,Customer_224,customer224@example.com,USA,2023-12-27
CUST_225,Customer_225,customer225@example.com,Germany,2025-04-18
CUST_226,Customer_226,customer226@example.com,UK,2023-12-23
CUST_227,Customer_227,customer227@example.com,USA,2025-08-26
CUST_228,Customer_228,customer228@example.com,India,2024-06-05
CUST_229,Customer_229,customer229@example.com,USA,2025-02-27
CUST_230,Customer_230,customer230@example.com,UK,2025-06-30
CUST_231,Customer_231,customer231@example.com,India,2023-07-26
CUST_232,Customer_232,customer232@example.com,UK,2025-04-17
CUST_233,Customer_233,customer233@example.com,Germany,2024-05-16
CUST_234,Customer_234,customer234@example.com,UK,2023-08-24
CUST_235,Customer_235,customer235@example.com,India,2025-12-14
CUST_236,Customer_236,customer236@example.com,UK,2025-10-11
CUST_237,Customer_237,customer237@example.com,UK,2026-03-03
CUST_238,Customer_238,customer238@example.com,India,2024-08-09
CUST_239,Customer_239,customer239@example.com,Germany,2025-04-23
CUST_240,Customer_240,customer240@example.com,UK,2025-01-20
CUST_241,Customer_241,customer241@example.com,India,2025-03-13
CUST_242,Customer_242,customer242@example.com,USA,2025-07-25
CUST_243,Customer_243,customer243@example.com,India,2024-04-16
CUST_244,Customer_244,customer244@example.com,Germany,2026-04-10
CUST_245,Customer_245,customer245@example.com,USA,2025-04-04
CUST_246,Customer_246,customer246@example.com,Germany,2026-01-30
CUST_247,Customer_247,customer247@example.com,UK,2024-07-12
CUST_248,Customer_248,customer248@example.com,UK,2024-06-01
CUST_249,Customer_249,customer249@example.com,India,2024-04-04
CUST_250,Customer_250,customer250@example.com,UK,2024-11-08
CUST_251,Customer_251,customer251@example.com,UK,2024-05-29
CUST_252,Customer_252,customer252@example.com,Germany,2025-05-12
CUST_253,Customer_253,customer253@example.com,Germany,2024-04-28
CUST_254,Customer_254,customer254@example.com,UK,2024-09-21
CUST_255,Customer_255,customer255@example.com,USA,2025-09-27
CUST_256,Customer_256,customer256@example.com,Germany,2024-05-31
CUST_257,Customer_257,customer257@example.com,Germany,2024-05-18
CUST_258,Customer_258,customer258@example.com,USA,2024-07-20
CUST_259,Customer_259,customer259@example.com,UK,2025-02-20
CUST_260,Customer_260,customer260@example.com,India,2025-06-04
CUST_261,Customer_261,customer261@example.com,UK,2025-09-08
CUST_262,Customer_262,customer262@example.com,Germany,2024-01-28
CUST_263,Customer_263,customer263@example.com,UK,2024-12-21
CUST_264,Customer_264,customer264@example.com,Germany,2025-01-14
CUST_265,Customer_265,customer265@example.com,USA,2024-11-04
CUST_266,Customer_266,customer266@example.com,Germany,2024-01-20
CUST_267,Customer_267,customer267@example.com,USA,2024-06-06
CUST_268,Customer_268,customer268@example.com,India,2025-06-25
CUST_269,Customer_269,customer269@example.com,UK,2026-01-06
CUST_270,Customer_270,customer270@example.com,USA,2024-05-23
CUST_271,Customer_271,customer271@example.com,UK,2025-08-24
CUST_272,Customer_272,customer272@example.com,USA,2025-11-12
CUST_273,Customer_273,customer273@example.com,India,2026-02-23
CUST_274,Customer_274,customer274@example.com,USA,2024-12-11
CUST_275,Customer_275,customer275@example.com,India,2024-12-31
CUST_276,Customer_276,customer276@example.com,Germany,2023-10-17
CUST_277,Customer_277,customer277@example.com,USA,2024-04-06
CUST_278,Customer_278,customer278@example.com,Germany,2024-11-21
CUST_279,Customer_279,customer279@example.com,Germany,2025-08-05
CUST_280,Customer_280,customer280@example.com,USA,2024-06-09
CUST_281,Customer_281,customer281@example.com,India,2023-10-10
CUST_282,Customer_282,customer282@example.com,India,2024-02-04
CUST_283,Customer_283,customer283@example.com,Germany,2025-08-30
CUST_284,Customer_284,customer284@example.com,USA,2024-01-09
CUST_285,Customer_285,customer285@example.com,Germany,2026-02-19
CUST_286,Customer_286,customer286@example.com,USA,2023-09-15
CUST_287,Customer_287,customer287@example.com,India,2024-12-30
CUST_288,Customer_288,customer288@example.com,USA,2024-01-12
CUST_289,Customer_289,customer289@example.com,Germany,2024-05-28
CUST_290,Customer_290,customer290@example.com,UK,2023-08-13
CUST_291,Customer_291,customer291@example.com,Germany,2024-07-23
CUST_292,Customer_292,customer292@example.com,Germany,2023-12-13
CUST_293,Customer_293,customer293@example.com,Germany,2023-10-06
CUST_294,Customer_294,customer294@example.com,USA,2024-03-11
CUST_295,Customer_295,customer295@example.com,Germany,2025-01-06
CUST_296,Customer_296,customer296@example.com,UK,2024-03-03
CUST_297,Customer_297,customer297@example.com,USA,2023-12-03
CUST_298,Customer_298,customer298@example.com,UK,2024-02-17
CUST_299,Customer_299,customer299@example.com,Germany,2024-07-09
CUST_300,Customer_300,customer300@example.com,USA,2025-07-04
CUST_301,Customer_301,customer301@example.com,Germany,2026-01-22
CUST_302,Customer_302,customer302@example.com,UK,2025-08-14
CUST_303,Customer_303,customer303@example.com,UK,2025-05-03
CUST_304,Customer_304,customer304@example.com,UK,2023-10-10
CUST_305,Customer_305,customer305@example.com,India,2025-11-21
CUST_306,Customer_306,customer306@example.com,USA,2025-08-18
CUST_307,Customer_307,customer307@example.com,Germany,2024-05-01
CUST_308,Customer_308,customer308@example.com,USA,2024-04-18
CUST_309,Customer_309,customer309@example.com,USA,2026-02-05
CUST_310,Customer_310,customer310@example.com,Germany,2025-02-18
CUST_311,Customer_311,customer311@example.com,UK,2024-10-03
CUST_312,Customer_312,customer312@example.com,Germany,2025-02-10
CUST_313,Customer_313,customer313@example.com,India,2025-09-12
CUST_314,Customer_314,customer314@example.com,Germany,2025-03-09
CUST_315,Customer_315,customer315@example.com,India,2023-11-16
CUST_316,Customer_316,customer316@example.com,Germany,2024-12-09
CUST_317,Customer_317,customer317@example.com,India,2023-08-20
CUST_318,Customer_318,customer318@example.com,UK,2025-06-10
CUST_319,Customer_319,customer319@example.com,Germany,2023-11-20
CUST_320,Customer_320,customer320@example.com,Germany,2024-10-07
CUST_321,Customer_321,customer321@example.com,USA,2024-11-28
CUST_322,Customer_322,customer322@example.com,USA,2025-07-06
CUST_323,Customer_323,customer323@example.com,Germany,2024-11-30
CUST_324,Customer_324,customer324@example.com,India,2025-03-09
CUST_325,Customer_325,customer325@example.com,UK,2024-05-27
CUST_326,Customer_326,customer326@example.com,Germany,2024-03-31
CUST_327,Customer_327,customer327@example.com,USA,2023-12-03
CUST_328,Customer_328,customer328@example.com,Germany,2023-09-13
CUST_329,Customer_329,customer329@example.com,USA,2024-07-13
CUST_330,Customer_330,customer330@example.com,India,2023-09-26
CUST_331,Customer_331,customer331@example.com,Germany,2024-08-13
CUST_332,Customer_332,customer332@example.com,India,2026-01-16
CUST_333,Customer_333,customer333@example.com,Germany,2025-11-24
CUST_334,Customer_334,customer334@example.com,Germany,2025-10-07
CUST_335,Customer_335,customer335@example.com,India,2025-07-19
CUST_336,Customer_336,customer336@example.com,Germany,2025-05-11
CUST_337,Customer_337,customer337@example.com,USA,2025-01-01
CUST_338,Customer_338,customer338@example.com,UK,2025-05-01
CUST_339,Customer_339,customer339@example.com,Germany,2025-07-01
CUST_340,Customer_340,customer340@example.com,Germany,2025-07-27
CUST_341,Customer_341,customer341@example.com,India,2024-12-16
CUST_342,Customer_342,customer342@example.com,India,2024-03-05
CUST_343,Customer_343,customer343@example.com,India,2023-08-11
CUST_344,Customer_344,customer344@example.com,UK,2025-08-25
CUST_345,Customer_345,customer345@example.com,India,2024-02-02
CUST_346,Customer_346,customer346@example.com,India,2024-02-29
CUST_347,Customer_347,customer347@example.com,India,2023-08-13
CUST_348,Customer_348,customer348@example.com,USA,2025-09-19
CUST_349,Customer_349,customer349@example.com,India,2024-07-14
CUST_350,Customer_350,customer350@example.com,USA,2025-08-10
CUST_351,Customer_351,customer351@example.com,USA,2024-12-13
CUST_352,Customer_352,customer352@example.com,India,2024-09-11
CUST_353,Customer_353,customer353@example.com,USA,2024-12-21
CUST_354,Customer_354,customer354@example.com,UK,2024-02-16
CUST_355,Customer_355,customer355@example.com,UK,2025-10-22
CUST_356,Customer_356,customer356@example.com,India,2024-02-05
CUST_357,Customer_357,customer357@example.com,USA,2023-07-29
CUST_358,Customer_358,customer358@example.com,UK,2025-12-22
CUST_359,Customer_359,customer359@example.com,India,2023-09-03
CUST_360,Customer_360,customer360@example.com,UK,2024-08-30
CUST_361,Customer_361,customer361@example.com,Germany,2025-03-01
CUST_362,Customer_362,customer362@example.com,USA,2026-01-24
CUST_363,Customer_363,customer363@example.com,USA,2025-12-28
CUST_364,Customer_364,customer364@example.com,UK,2023-11-23
CUST_365,Customer_365,customer365@example.com,India,2024-01-17
CUST_366,Customer_366,customer366@example.com,India,2025-04-21
CUST_367,Customer_367,customer367@example.com,Germany,2024-06-03
CUST_368,Customer_368,customer368@example.com,UK,2026-01-31
CUST_369,Customer_369,customer369@example.com,UK,2026-03-30
CUST_370,Customer_370,customer370@example.com,Germany,2023-12-21
CUST_371,Customer_371,customer371@example.com,Germany,2025-12-24
CUST_372,Customer_372,customer372@example.com,Germany,2023-08-02
CUST_373,Customer_373,customer373@example.com,UK,2024-06-30
CUST_374,Customer_374,customer374@example.com,Germany,2024-04-17
CUST_375,Customer_375,customer375@example.com,USA,2025-01-21
CUST_376,Customer_376,customer376@example.com,USA,2024-03-21
CUST_377,Customer_377,customer377@example.com,UK,2024-07-20
CUST_378,Customer_378,customer378@example.com,Germany,2024-12-21
CUST_379,Customer_379,customer379@example.com,Germany,2023-12-18
CUST_380,Customer_380,customer380@example.com,UK,2025-05-16
CUST_381,Customer_381,customer381@example.com,USA,2023-12-13
CUST_382,Customer_382,customer382@example.com,India,2025-06-30
CUST_383,Customer_383,customer383@example.com,Germany,2025-08-05
CUST_384,Customer_384,customer384@example.com,Germany,2024-09-05
CUST_385,Customer_385,customer385@example.com,Germany,2025-05-02
CUST_386,Customer_386,customer386@example.com,India,2024-11-21
CUST_387,Customer_387,customer387@example.com,UK,2025-10-07
CUST_388,Customer_388,customer388@example.com,Germany,2025-09-06
CUST_389,Customer_389,customer389@example.com,UK,2024-01-16
CUST_390,Customer_390,customer390@example.com,UK,2025-04-28
CUST_391,Customer_391,customer391@example.com,UK,2023-10-23
CUST_392,Customer_392,customer392@example.com,UK,2024-09-19
CUST_393,Customer_393,customer393@example.com,India,2024-10-29
CUST_394,Customer_394,customer394@example.com,USA,2026-01-14
CUST_395,Customer_395,customer395@example.com,USA,2024-04-04
CUST_396,Customer_396,customer396@example.com,Germany,2024-11-27
CUST_397,Customer_397,customer397@example.com,USA,2024-05-04
CUST_398,Customer_398,customer398@example.com,Germany,2024-06-19
CUST_399,Customer_399,customer399@example.com,Germany,2025-01-08
CUST_400,Customer_400,customer400@example.com,India,2026-01-06
CUST_401,Customer_401,customer401@example.com,UK,2025-08-28
CUST_402,Customer_402,customer402@example.com,Germany,2024-05-03
CUST_403,Customer_403,customer403@example.com,USA,2025-06-02
CUST_404,Customer_404,customer404@example.com,UK,2024-12-13
CUST_405,Customer_405,customer405@example.com,UK,2025-01-31
CUST_406,Customer_406,customer406@example.com,UK,2025-04-16
CUST_407,Customer_407,customer407@example.com,Germany,2025-07-08
CUST_408,Customer_408,customer408@example.com,UK,2025-07-28
CUST_409,Customer_409,customer409@example.com,USA,2025-12-09
CUST_410,Customer_410,customer410@example.com,USA,2025-05-23
CUST_411,Customer_411,customer411@example.com,India,2024-03-12
CUST_412,Customer_412,customer412@example.com,USA,2025-09-27
CUST_413,Customer_413,customer413@example.com,USA,2024-03-16
CUST_414,Customer_414,customer414@example.com,Germany,2025-07-02
CUST_415,Customer_415,customer415@example.com,UK,2025-12-30
CUST_416,Customer_416,customer416@example.com,USA,2025-06-12
CUST_417,Customer_417,customer417@example.com,USA,2025-04-07
CUST_418,Customer_418,customer418@example.com,USA,2025-06-06
CUST_419,Customer_419,customer419@example.com,India,2024-04-16
CUST_420,Customer_420,customer420@example.com,USA,2025-07-05
CUST_421,Customer_421,customer421@example.com,India,2026-02-15
CUST_422,Customer_422,customer422@example.com,UK,2024-04-27
CUST_423,Customer_423,customer423@example.com,USA,2024-06-27
CUST_424,Customer_424,customer424@example.com,Germany,2025-12-27
CUST_425,Customer_425,customer425@example.com,India,2024-09-01
CUST_426,Customer_426,customer426@example.com,UK,2024-12-17
CUST_427,Customer_427,customer427@example.com,Germany,2025-01-15
CUST_428,Customer_428,customer428@example.com,UK,2025-10-05
CUST_429,Customer_429,customer429@example.com,India,2025-07-27
CUST_430,Customer_430,customer430@example.com,Germany,2025-12-16
CUST_431,Customer_431,customer431@example.com,India,2025-02-25
CUST_432,Customer_432,customer432@example.com,Germany,2026-01-26
CUST_433,Customer_433,customer433@example.com,India,2025-11-07
CUST_434,Customer_434,customer434@example.com,USA,2024-01-02
CUST_435,Customer_435,customer435@example.com,UK,2026-01-14
CUST_436,Customer_436,customer436@example.com,USA,2025-12-11
CUST_437,Customer_437,customer437@example.com,Germany,2024-07-30
CUST_438,Customer_438,customer438@example.com,USA,2024-02-07
CUST_439,Customer_439,customer439@example.com,Germany,2025-01-05
CUST_440,Customer_440,customer440@example.com,Germany,2025-06-11
CUST_441,Customer_441,customer441@example.com,Germany,2025-06-03
CUST_442,Customer_442,customer442@example.com,India,2024-07-26
CUST_443,Customer_443,customer443@example.com,India,2023-08-15
CUST_444,Customer_444,customer444@example.com,USA,2024-07-10
CUST_445,Customer_445,customer445@example.com,USA,2025-07-15
CUST_446,Customer_446,customer446@example.com,India,2025-11-02
CUST_447,Customer_447,customer447@example.com,USA,2025-10-16
CUST_448,Customer_448,customer448@example.com,India,2025-11-02
CUST_449,Customer_449,customer449@example.com,India,2025-02-17
CUST_450,Customer_450,customer450@example.com,Germany,2024-05-06
CUST_451,Customer_451,customer451@example.com,Germany,2025-06-17
CUST_452,Customer_452,customer452@example.com,India,2025-08-17
CUST_453,Customer_453,customer453@example.com,UK,2024-04-18
CUST_454,Customer_454,customer454@example.com,UK,2024-04-22
CUST_455,Customer_455,customer455@example.com,Germany,2026-01-29
CUST_456,Customer_456,customer456@example.com,USA,2023-09-08
CUST_457,Customer_457,customer457@example.com,UK,2024-01-26
CUST_458,Customer_458,customer458@example.com,USA,2025-01-31
CUST_459,Customer_459,customer459@example.com,India,2024-10-01
CUST_460,Customer_460,customer460@example.com,USA,2024-06-17
CUST_461,Customer_461,customer461@example.com,USA,2023-09-24
CUST_462,Customer_462,customer462@example.com,UK,2023-12-17
CUST_463,Customer_463,customer463@example.com,USA,2026-01-28
CUST_464,Customer_464,customer464@example.com,India,2025-10-24
CUST_465,Customer_465,customer465@example.com,UK,2024-08-10
CUST_466,Customer_466,customer466@example.com,UK,2025-01-17
CUST_467,Customer_467,customer467@example.com,India,2024-12-18
CUST_468,Customer_468,customer468@example.com,UK,2024-04-25
CUST_469,Customer_469,customer469@example.com,Germany,2023-08-20
CUST_470,Customer_470,customer470@example.com,UK,2024-11-15
CUST_471,Customer_471,customer471@example.com,Germany,2025-01-18
CUST_472,Customer_472,customer472@example.com,India,2024-08-07
CUST_473,Customer_473,customer473@example.com,India,2023-10-14
CUST_474,Customer_474,customer474@example.com,Germany,2024-03-20
CUST_475,Customer_475,customer475@example.com,UK,2024-08-01
CUST_476,Customer_476,customer476@example.com,UK,2026-03-16
CUST_477,Customer_477,customer477@example.com,India,2025-08-20
CUST_478,Customer_478,customer478@example.com,India,2024-02-18
CUST_479,Customer_479,customer479@example.com,UK,2024-08-29
CUST_480,Customer_480,customer480@example.com,India,2024-02-20
CUST_481,Customer_481,customer481@example.com,USA,2024-12-16
CUST_482,Customer_482,customer482@example.com,Germany,2023-09-16
CUST_483,Customer_483,customer483@example.com,UK,2025-10-08
CUST_484,Customer_484,customer484@example.com,Germany,2024-06-30
CUST_485,Customer_485,customer485@example.com,Germany,2026-01-08
CUST_486,Customer_486,customer486@example.com,Germany,2025-04-20
CUST_487,Customer_487,customer487@example.com,Germany,2025-05-05
CUST_488,Customer_488,customer488@example.com,UK,2024-05-25
CUST_489,Customer_489,customer489@example.com,India,2023-11-15
CUST_490,Customer_490,customer490@example.com,USA,2025-05-09
CUST_491,Customer_491,customer491@example.com,Germany,2024-05-01
CUST_492,Customer_492,customer492@example.com,Germany,2025-06-20
CUST_493,Customer_493,customer493@example.com,Germany,2023-12-30
CUST_494,Customer_494,customer494@example.com,India,2025-01-01
CUST_495,Customer_495,customer495@example.com,India,2025-05-24
CUST_496,Customer_496,customer496@example.com,UK,2025-05-15
CUST_497,Customer_497,customer497@example.com,India,2024-02-10
CUST_498,Customer_498,customer498@example.com,Germany,2023-11-08
CUST_499,Customer_499,customer499@example.com,India,2024-06-07
